method,group,mean_iou,boundary_f,matched,gt,recall_at_0_5
local_r50_fpn_val,all parts,0.739,0.807,10333,20945,0.493
local_r50_fpn_val,basket,0.726,0.792,252,484,0.521
local_r50_fpn_val,belt,0.708,0.907,164,260,0.631
local_r50_fpn_val,bench,0.712,0.712,259,464,0.558
local_r50_fpn_val,bicycle,0.691,0.807,456,897,0.508
local_r50_fpn_val,blender,0.786,0.841,47,70,0.671
local_r50_fpn_val,book,0.732,0.881,519,1138,0.456
local_r50_fpn_val,bottle,0.755,0.814,663,1540,0.431
local_r50_fpn_val,bowl,0.765,0.819,327,639,0.512
local_r50_fpn_val,box,0.775,0.737,251,479,0.524
local_r50_fpn_val,broom,0.965,1.000,1,2,0.500
local_r50_fpn_val,bucket,0.796,0.902,41,94,0.436
local_r50_fpn_val,calculator,0.772,0.764,1,4,0.250
local_r50_fpn_val,can,0.744,0.793,64,152,0.421
local_r50_fpn_val,car_(automobile),0.714,0.866,1109,2192,0.506
local_r50_fpn_val,carton,0.859,0.807,4,11,0.364
local_r50_fpn_val,cellular_telephone,0.762,0.744,170,275,0.618
local_r50_fpn_val,chair,0.747,0.817,422,1074,0.393
local_r50_fpn_val,clock,0.682,0.887,89,154,0.578
local_r50_fpn_val,crate,0.742,0.756,54,120,0.450
local_r50_fpn_val,cup,0.748,0.914,144,230,0.626
local_r50_fpn_val,dog,0.723,0.650,552,856,0.645
local_r50_fpn_val,drill,nan,nan,0,2,0.000
local_r50_fpn_val,drum_(musical_instrument),nan,nan,0,4,0.000
local_r50_fpn_val,earphone,0.705,0.891,12,45,0.267
local_r50_fpn_val,fan,0.756,0.862,17,40,0.425
local_r50_fpn_val,glass_(drink_container),0.787,0.839,357,576,0.620
local_r50_fpn_val,guitar,0.720,0.769,19,34,0.559
local_r50_fpn_val,hammer,0.595,0.578,2,4,0.500
local_r50_fpn_val,handbag,0.760,0.796,187,420,0.445
local_r50_fpn_val,hat,0.745,0.900,88,306,0.288
local_r50_fpn_val,helmet,0.703,0.902,55,145,0.379
local_r50_fpn_val,jar,0.783,0.849,141,354,0.398
local_r50_fpn_val,kettle,0.697,0.746,13,20,0.650
local_r50_fpn_val,knife,0.788,0.844,184,263,0.700
local_r50_fpn_val,ladder,0.628,0.743,15,43,0.349
local_r50_fpn_val,lamp,0.810,0.901,240,388,0.619
local_r50_fpn_val,laptop_computer,0.797,0.799,384,507,0.757
local_r50_fpn_val,microwave_oven,0.769,0.866,87,121,0.719
local_r50_fpn_val,mirror,0.742,0.782,40,96,0.417
local_r50_fpn_val,mouse_(computer_equipment),0.745,0.826,128,225,0.569
local_r50_fpn_val,mug,0.781,0.883,199,324,0.614
local_r50_fpn_val,newspaper,0.788,0.535,6,17,0.353
local_r50_fpn_val,pan_(for_cooking),0.748,0.830,27,89,0.303
local_r50_fpn_val,pen,0.741,0.908,32,123,0.260
local_r50_fpn_val,pencil,0.803,0.960,6,29,0.207
local_r50_fpn_val,pillow,0.690,0.553,18,52,0.346
local_r50_fpn_val,pipe,0.693,0.867,14,42,0.333
local_r50_fpn_val,plastic_bag,0.768,0.714,101,177,0.571
local_r50_fpn_val,plate,0.672,0.556,170,456,0.373
local_r50_fpn_val,pliers,nan,nan,0,0,nan
local_r50_fpn_val,remote_control,0.699,0.788,88,191,0.461
local_r50_fpn_val,scarf,0.761,0.720,40,71,0.563
local_r50_fpn_val,scissors,0.735,0.773,94,217,0.433
local_r50_fpn_val,screwdriver,0.876,1.000,1,3,0.333
local_r50_fpn_val,shoe,0.645,0.843,421,1464,0.288
local_r50_fpn_val,slipper_(footwear),0.734,0.472,2,9,0.222
local_r50_fpn_val,soap,0.738,0.882,63,125,0.504
local_r50_fpn_val,sponge,0.716,1.000,1,2,0.500
local_r50_fpn_val,spoon,0.751,0.848,184,317,0.580
local_r50_fpn_val,stool,0.775,0.906,29,57,0.509
local_r50_fpn_val,sweater,0.658,0.524,154,398,0.387
local_r50_fpn_val,table,0.721,0.579,117,234,0.500
local_r50_fpn_val,tape_(sticky_cloth_or_paper),0.657,0.815,1,3,0.333
local_r50_fpn_val,telephone,0.702,0.831,56,104,0.538
local_r50_fpn_val,television_set,0.748,0.821,167,233,0.717
local_r50_fpn_val,tissue_paper,nan,nan,0,0,nan
local_r50_fpn_val,towel,0.770,0.745,58,146,0.397
local_r50_fpn_val,trash_can,0.824,0.877,188,256,0.734
local_r50_fpn_val,tray,0.674,0.617,70,269,0.260
local_r50_fpn_val,vase,0.776,0.805,362,597,0.606
local_r50_fpn_val,wallet,0.703,0.634,4,4,1.000
local_r50_fpn_val,watch,0.693,0.893,102,202,0.505
local_r50_fpn_val,wrench,nan,nan,0,6,0.000
local_r50_fpn_val,thin parts,0.685,0.842,1726,4137,0.417
snake_refined_val,all parts,0.740,0.803,9654,20945,0.461
snake_refined_val,basket,0.729,0.791,237,484,0.490
snake_refined_val,belt,0.655,0.841,115,260,0.442
snake_refined_val,bench,0.713,0.699,229,464,0.494
snake_refined_val,bicycle,0.675,0.800,421,897,0.469
snake_refined_val,blender,0.787,0.839,46,70,0.657
snake_refined_val,book,0.733,0.880,519,1138,0.456
snake_refined_val,bottle,0.756,0.815,664,1540,0.431
snake_refined_val,bowl,0.766,0.817,304,639,0.476
snake_refined_val,box,0.778,0.739,248,479,0.518
snake_refined_val,broom,0.965,1.000,1,2,0.500
snake_refined_val,bucket,0.804,0.891,38,94,0.404
snake_refined_val,calculator,0.769,0.753,1,4,0.250
snake_refined_val,can,0.757,0.781,60,152,0.395
snake_refined_val,car_(automobile),0.714,0.859,1016,2192,0.464
snake_refined_val,carton,0.857,0.799,4,11,0.364
snake_refined_val,cellular_telephone,0.772,0.755,158,275,0.575
snake_refined_val,chair,0.753,0.811,381,1074,0.355
snake_refined_val,clock,0.664,0.875,76,154,0.494
snake_refined_val,crate,0.745,0.749,51,120,0.425
snake_refined_val,cup,0.765,0.904,116,230,0.504
snake_refined_val,dog,0.720,0.625,458,856,0.535
snake_refined_val,drill,nan,nan,0,2,0.000
snake_refined_val,drum_(musical_instrument),nan,nan,0,4,0.000
snake_refined_val,earphone,0.713,0.907,11,45,0.244
snake_refined_val,fan,0.746,0.826,14,40,0.350
snake_refined_val,glass_(drink_container),0.791,0.827,338,576,0.587
snake_refined_val,guitar,0.722,0.790,18,34,0.529
snake_refined_val,hammer,0.595,0.573,2,4,0.500
snake_refined_val,handbag,0.765,0.794,183,420,0.436
snake_refined_val,hat,0.746,0.898,84,306,0.275
snake_refined_val,helmet,0.703,0.901,54,145,0.372
snake_refined_val,jar,0.790,0.849,133,354,0.376
snake_refined_val,kettle,0.704,0.758,13,20,0.650
snake_refined_val,knife,0.787,0.845,184,263,0.700
snake_refined_val,ladder,0.594,0.611,7,43,0.163
snake_refined_val,lamp,0.807,0.904,239,388,0.616
snake_refined_val,laptop_computer,0.800,0.794,365,507,0.720
snake_refined_val,microwave_oven,0.763,0.862,86,121,0.711
snake_refined_val,mirror,0.765,0.814,35,96,0.365
snake_refined_val,mouse_(computer_equipment),0.744,0.828,128,225,0.569
snake_refined_val,mug,0.799,0.879,175,324,0.540
snake_refined_val,newspaper,0.788,0.532,6,17,0.353
snake_refined_val,pan_(for_cooking),0.738,0.811,26,89,0.292
snake_refined_val,pen,0.741,0.909,32,123,0.260
snake_refined_val,pencil,0.794,0.961,6,29,0.207
snake_refined_val,pillow,0.685,0.543,17,52,0.327
snake_refined_val,pipe,0.710,0.881,13,42,0.310
snake_refined_val,plastic_bag,0.766,0.717,101,177,0.571
snake_refined_val,plate,0.661,0.558,148,456,0.325
snake_refined_val,pliers,nan,nan,0,0,nan
snake_refined_val,remote_control,0.713,0.805,75,191,0.393
snake_refined_val,scarf,0.756,0.706,41,71,0.577
snake_refined_val,scissors,0.712,0.733,84,217,0.387
snake_refined_val,screwdriver,0.876,1.000,1,3,0.333
snake_refined_val,shoe,0.644,0.839,419,1464,0.286
snake_refined_val,slipper_(footwear),0.735,0.474,2,9,0.222
snake_refined_val,soap,0.737,0.881,63,125,0.504
snake_refined_val,sponge,0.716,1.000,1,2,0.500
snake_refined_val,spoon,0.749,0.847,183,317,0.577
snake_refined_val,stool,0.822,0.925,21,57,0.368
snake_refined_val,sweater,0.665,0.518,137,398,0.344
snake_refined_val,table,0.708,0.585,95,234,0.406
snake_refined_val,tape_(sticky_cloth_or_paper),0.657,0.815,1,3,0.333
snake_refined_val,telephone,0.706,0.815,53,104,0.510
snake_refined_val,television_set,0.751,0.812,153,233,0.657
snake_refined_val,tissue_paper,nan,nan,0,0,nan
snake_refined_val,towel,0.762,0.735,58,146,0.397
snake_refined_val,trash_can,0.824,0.877,185,256,0.723
snake_refined_val,tray,0.678,0.625,64,269,0.238
snake_refined_val,vase,0.778,0.808,356,597,0.596
snake_refined_val,wallet,0.703,0.633,4,4,1.000
snake_refined_val,watch,0.695,0.896,97,202,0.480
snake_refined_val,wrench,nan,nan,0,6,0.000
snake_refined_val,thin parts,0.683,0.827,1456,4137,0.352
